{"stats":{"minecraft:broken":{"spartanshields:wooden_tower_shield":1},"minecraft:picked_up":{"minecraft:stick":8,"minecraft:coarse_dirt":13,"minecraft:diamond_sword":1,"minecraft:spruce_sapling":13,"minecraft:spruce_log":24,"minecraft:dark_oak_log":3,"minecraft:spider_eye":2,"minecraft:string":1,"immersive_aircraft:biplane":1,"minecraft:arrow":1,"minecraft:command_block":1,"minecraft:diamond_chestplate":1,"minecraft:wheat_seeds":1,"minecraft:diamond_leggings":1,"minecraft:diamond_boots":1,"minecraft:diamond_helmet":1},"minecraft:crafted":{"minecraft:crafting_table":1,"minecraft:spruce_planks":16,"spartanshields:wooden_tower_shield":1},"minecraft:dropped":{"minecraft:diamond_sword":1,"minecraft:dark_oak_log":3,"minecraft:diamond_chestplate":1,"minecraft:coarse_dirt":11,"minecraft:diamond_leggings":1,"minecraft:diamond_helmet":1,"minecraft:diamond_boots":1,"minecraft:command_block":1,"minecraft:stick":1},"minecraft:killed":{"minecraft:skeleton":4,"minecraft:zombie":6,"minecraft:zombie_villager":1,"minecraft:chicken":1,"minecraft:spider":5,"minecraft:creeper":1},"minecraft:mined":{"minecraft:large_fern":2,"minecraft:coarse_dirt":2,"minecraft:dark_oak_leaves":4,"treechop:chopped_log":2,"minecraft:fern":2},"minecraft:custom":{"minecraft:time_since_rest":39216,"minecraft:damage_absorbed":201,"minecraft:sprint_one_cm":83800,"spartanshields:shield_bash_hits":1,"minecraft:damage_taken":725,"minecraft:walk_one_cm":52162,"minecraft:damage_blocked_by_shield":1155,"minecraft:mob_kills":18,"minecraft:drop":21,"minecraft:damage_dealt":3568,"minecraft:interact_with_crafting_table":1,"minecraft:swim_one_cm":9300,"minecraft:fly_one_cm":163299,"minecraft:open_barrel":4,"minecraft:open_chest":1,"minecraft:crouch_one_cm":988,"minecraft:play_time":39216,"minecraft:sneak_time":1260,"minecraft:walk_under_water_one_cm":4651,"minecraft:aviate_one_cm":219137,"minecraft:jump":246,"minecraft:interact_with_blast_furnace":1,"minecraft:leave_game":7,"minecraft:time_since_death":39216,"minecraft:walk_on_water_one_cm":6120,"minecraft:climb_one_cm":529,"minecraft:total_world_time":39216,"minecraft:fall_one_cm":3289},"minecraft:used":{"spartanshields:wooden_tower_shield":20,"minecraft:firework_rocket":10,"minecraft:diamond_sword":63,"minecraft:golden_apple":8,"minecraft:crafting_table":1,"minecraft:carrot":2,"immersive_aircraft:biplane":3,"minecraft:coarse_dirt":2,"minecraft:spruce_log":1}},"DataVersion":3465}