{"stats":{"minecraft:mined":{"minecraft:diamond_ore":1,"minecraft:spruce_planks":3,"minecraft:iron_ore":7,"minecraft:spruce_log":1,"minecraft:glow_lichen":2,"treechop:chopped_log":5,"minecraft:crafting_table":3,"minecraft:grass":3,"minecraft:coal_ore":17,"minecraft:calcite":1,"minecraft:cobweb":1,"minecraft:smooth_basalt":5,"minecraft:grindstone":1,"minecraft:stone":10,"minecraft:moss_block":1,"minecraft:deepslate":1},"minecraft:used":{"minecraft:water_bucket":1,"minecraft:iron_axe":59,"minecraft:bread":9,"minecraft:iron_pickaxe":43,"minecraft:iron_helmet":1,"minecraft:spruce_planks":5,"minecraft:iron_sword":94,"minecraft:ender_chest":1,"spartanshields:iron_tower_shield":2,"minecraft:torch":1,"minecraft:cobblestone":4,"minecraft:bow":4,"minecraft:crafting_table":3,"minecraft:bucket":2,"minecraft:white_bed":1,"travelersbackpack:enderman":1},"minecraft:custom":{"minecraft:time_since_rest":2103,"minecraft:sprint_one_cm":145102,"minecraft:open_enderchest":1,"minecraft:damage_taken":874,"minecraft:walk_one_cm":92404,"minecraft:damage_blocked_by_shield":270,"minecraft:mob_kills":44,"minecraft:drop":1,"minecraft:damage_dealt":11083,"minecraft:talked_to_villager":1,"minecraft:swim_one_cm":6292,"minecraft:interact_with_crafting_table":9,"minecraft:fly_one_cm":258267,"minecraft:open_chest":14,"minecraft:deaths":2,"minecraft:crouch_one_cm":2109,"minecraft:play_time":118692,"minecraft:sneak_time":1595,"minecraft:walk_under_water_one_cm":1775,"minecraft:jump":493,"minecraft:leave_game":1,"minecraft:time_since_death":2071,"minecraft:walk_on_water_one_cm":4929,"minecraft:sleep_in_bed":3,"minecraft:climb_one_cm":3590,"minecraft:total_world_time":118692,"minecraft:fall_one_cm":17353,"minecraft:inspect_dispenser":8},"minecraft:killed":{"minecraft:skeleton":36,"minecraft:cave_spider":2,"minecraft:creeper":1,"minecraft:cow":5},"minecraft:picked_up":{"minecraft:raw_iron":6,"minecraft:dark_oak_sapling":14,"minecraft:stick":7,"minecraft:crafting_table":3,"minecraft:leather":5,"minecraft:spruce_sapling":7,"minecraft:spruce_log":101,"minecraft:string":1,"minecraft:dark_oak_log":13,"minecraft:arrow":29,"minecraft:bone":36,"minecraft:diamond":1,"minecraft:wheat_seeds":3,"travelersbackpack:enderman":1,"minecraft:spruce_planks":3,"minecraft:grindstone":1,"minecraft:beef":10,"minecraft:coal":17,"minecraft:cobblestone":12},"minecraft:dropped":{"spartanshields:wooden_basic_shield":1},"minecraft:crafted":{"minecraft:crafting_table":1,"minecraft:iron_axe":1,"minecraft:spruce_planks":32,"minecraft:stick":12,"minecraft:iron_helmet":1,"spartanshields:iron_tower_shield":1,"minecraft:iron_pickaxe":1,"spartanshields:wooden_tower_shield":1,"spartanshields:wooden_basic_shield":1,"minecraft:bucket":1}},"DataVersion":3465}